{
  "project_info": {
    "project_number": "366941275691",
    "firebase_url": "https://codechat-2c058.firebaseio.com",
    "project_id": "codechat-2c058",
    "storage_bucket": "codechat-2c058.appspot.com"
  },
  "client": [
    {
      "client_info": {
        "mobilesdk_app_id": "1:366941275691:android:0eb0208c9fba31bf",
        "android_client_info": {
          "package_name": "com.codechat.hussain.codechat"
        }
      },
      "oauth_client": [
        {
          "client_id": "366941275691-77tgmocqmac13jpucib9cbupm8n557r1.apps.googleusercontent.com",
          "client_type": 1,
          "android_info": {
            "package_name": "com.codechat.hussain.codechat",
            "certificate_hash": "f660ee69efd58a4dde8bf4f52ef26a29f9b7009a"
          }
        },
        {
          "client_id": "366941275691-h8hiqlh6gf8u90gmchr2psltp1edlhru.apps.googleusercontent.com",
          "client_type": 3
        }
      ],
      "api_key": [
        {
          "current_key": "AIzaSyCWfwZzCLmyfAnz9y6wETRYLWpHM8aGUgs"
        }
      ],
      "services": {
        "analytics_service": {
          "status": 1
        },
        "appinvite_service": {
          "status": 2,
          "other_platform_oauth_client": [
            {
              "client_id": "366941275691-h8hiqlh6gf8u90gmchr2psltp1edlhru.apps.googleusercontent.com",
              "client_type": 3
            }
          ]
        },
        "ads_service": {
          "status": 2
        }
      }
    }
  ],
  "configuration_version": "1"
}